# 1 数据库概述

## 1.1 为什么要使用数据库

- 持久化(persistence)：**把数据保存到可掉电式存储设备中以供之后使用**。大多数情况下，特别是企业级应用，**数据持久化意味着将内存中的数据保存到硬盘上加以“固化”**，而持久化的实现过程大多通过各种关系数据库来完成。
- 持久化的主要作用是**将内存中的数据存储在关系型数据库中**，当然也可以存储在磁盘文件、XML数据文件中。

## 1.2  数据库与数据库管理系统

### 1.2.1 数据库的相关概念

- **DB：数据库(Database)**
  - 即存储数据的“仓库”，其本质是一个文件系统。它保存了一系列有组织的数据。

- **DBMS：数据库管理系统(Database Management System)**
  - 是一种操纵和管理数据库的大型软件，用于建立、使用和维护数据库，对数据库进行统一管理和控制。用户通过数据库管理系统访问数据库中表内的数据。

- **SQL：结构化查询语言（Structured Query Language）**
  - 专门用来与数据库通信的语言。


## 1.3 RDBMS与非RDBMS

### 1.3.1 关系型数据库(RDBMS)

####  1.3.1.1 实质

- 这种类型的数据库是**最古老**的数据库类型，关系型数据库模型是把复杂的数据结构归结为简单的**二元关系** （即二维表格形式）。
- 关系型数据库以**行(row)**和**列(column)**的形式存储数据，以便于用户理解。这一系列的行和列被称为**表(table)**，一组表组成了一个**库(database)**。
- SQL就是关系型数据库的查询语言。

#### 1.3.1.2 优势

- **复杂查询**可以用SQL语句方便的在一个表以及多个表之间做非常复杂的数据查询。
- **事务支持**使得对于安全性能很高的数据访问要求得以实现。

### 1.3.2 非关系型数据库(非RDBMS)

#### 1.3.2.1 介绍

**非关系型数据库**，可看成传统关系型数据库的功能**阉割版本**，基于键值对存储数据，不需要经过SQL层的解析，**性能非常高**。同时，通过减少不常用的功能，进一步提高性能。

## 1.4 关系型数据库设计规则

- 一个数据库中可以有多个表，每个表都有一个名字，用来标识自己。表名具有唯一性。
- 表具有一些特性，这些特性定义了数据在表中如何存储，类似Java和Python中 “类”的设计。

### 1.4.1 表、记录、字段

- E-R（entity-relationship，实体-联系）模型中有三个主要概念是：**实体集**、**属性**、**联系集**。
- 一个实体集（class）对应于数据库中的一个表（table），一个实体（instance）则对应于数据库表中的一行（row），也称为一条记录（record）。一个属性（attribute）对应于数据库表中的一列（column），也称为一个字段（field）。

### 1.4.2 表的关联关系

- 表与表之间的数据记录有关系(relationship)。现实世界中的各种实体以及实体之间的各种联系均用关系模型来表示。
- 四种：一对一关联、一对多关联、多对多关联、自我引用

# 2 MySQL环境搭建

## 2.1 dockr安装

### 2.1.1 挂载方式

~~~dockerfile
docker run -d -p 3306:3306 \
-v /home/mysql/conf:/etc/mysql/conf.d \ # 挂载
-v /home/mysql/data:/var/lib/mysql \# 挂载
-e MYSQL_ROOT_PASSWORD=passwd \# 设置密码
--name mysql_test01 mysql
~~~

### 2.1.2 非挂载

~~~dockerfile
docker run -d -p 3306:3306 \
-e MYSQL_ROOT_PASSWORD=passwd \
--name mysql_test01 mysql
~~~

## 2.2 MySQL演示使用

### 2.2.1 MySQL的编码设置 

**MySQL5.7中**

**问题再现：命令行操作sql乱码问题**

```sql
mysql> INSERT INTO t_stu VALUES(1,'张三','男');
ERROR 1366 (HY000): Incorrect string value: '\xD5\xC5\xC8\xFD' for column 'sname' at row 1
```

**问题解决**

步骤1：查看编码命令

```sql
show variables like 'character_%';
show variables like 'collation_%';
```

步骤2：修改mysql的数据目录下的my.ini配置文件

```ini
default-character-set=utf8 #默认字符集 [mysqld]

# 大概在76行左右，在其下添加
...
character-set-server=utf8
collation-server=utf8_general_ci
```

步骤3：重启服务

步骤4：查看编码命令

```sql
show variables like 'character_%';
show variables like 'collation_%';
```

**MySQL8.0中**

在MySQL 8.0版本之前，默认字符集为latin1，utf8字符集指向的是utf8mb3。

网站开发人员在数据库设计的时候往往会将编码修改为utf8字符集。

如果遗忘修改默认的编码，就会出现乱码的问题。

从MySQL 8.0开始，数据库的默认编码改为**utf8mb4**，从而避免了上述的乱码问题。

#### 问题1：命令行客户端的字符集问题

```sql
mysql> INSERT INTO t_stu VALUES(1,'张三','男');
ERROR 1366 (HY000): Incorrect string value: '\xD5\xC5\xC8\xFD' for column 'sname' at row 1
```

查看所有字符集：`SHOW VARIABLES LIKE 'character_set_%'; `

解决方案，设置当前连接的客户端字符集 `SET NAMES GBK;`

#### 问题2：修改数据库和表的字符编码

修改编码：

（1)先停止服务，（2）修改my.ini文件（3）重新启动服务

说明：

如果是在修改my.ini之前建的库和表，那么库和表的编码还是原来的Latin1，要么删了重建，要么使用alter语句修改编码。

```sql
mysql> create database 0728db charset Latin1;
Query OK, 1 row affected (0.00 sec)
```

```sql
mysql> use 0728db;
Database changed

mysql> show create table student\G
*************************** 1. row ***************************
Table: student 
Create Table: CREATE TABLE `student` ( `id` int(11) NOT NULL, `name` varchar(20) DEFAULT NULL, PRIMARY KEY (`id`) ) ENGINE=InnoDB DEFAULT CHARSET=latin1 1 row in set (0.00 sec)
```

```sql
mysql> alter table student charset utf8; #修改表字符编码为UTF8
Query OK, 0 rows affected (0.01 sec)
Records: 0 Duplicates: 0 Warnings: 0

mysql> show create table student\G
*************************** 1. row ***************************
Table: student
Create Table: CREATE TABLE `student` ( `id` int(11) NOT NULL, `name` varchar(20) CHARACTER SET latin1 DEFAULT NULL, #字段仍然是latin1编码 PRIMARY KEY (`id`) ) ENGINE=InnoDB DEFAULT CHARSET=utf8
1 row in set (0.00 sec)

mysql> alter table student modify name varchar(20) charset utf8; #修改字段字符编码为UTF8
Query OK, 0 rows affected (0.05 sec)
Records: 0 Duplicates: 0 Warnings: 0
                                      
mysql> show create table student\G
*************************** 1. row ***************************
Table: student 
Create Table: CREATE TABLE `student` ( `id` int(11) NOT NULL, `name` varchar(20) DEFAULT NULL, PRIMARY KEY (`id`) ) ENGINE=InnoDB DEFAULT CHARSET=utf8 1 row in set (0.00 sec)
```

```sql
mysql> show create database 0728db;
+--------+-----------------------------------------------------------------+
|Database| Create Database |
+------+-------------------------------------------------------------------+
|0728db| CREATE DATABASE `0728db` /*!40100 DEFAULT CHARACTER SET latin1 */ |
+------+-------------------------------------------------------------------+
1 row in set (0.00 sec)
mysql> alter database 0728db charset utf8; #修改数据库的字符编码为utf8
Query OK, 1 row affected (0.00 sec)
```



# 3 SQL概述

## 3.1 SQL分类

- DDL:数据定义语言。`CREATE` \ `ALTER` \ `DROP` \ `RENAME` \ `TRUNCATE`

  ~~~sql
  CREATE     -- 创建表
  ALTER      -- 修改表
  DROP       -- 删除表
  RENAME     -- 修改表名
  TRUNCATE   -- 清空表
  ~~~

- DML:数据操作语言。`INSERT` \ `DELETE` \ `UPDATE` \ `SELECT` （重中之重）

  ~~~sql
  INSERT -- 插入数据
  DELETE -- 删除数据
  UPDATE -- 更新数据
  SELECT -- 查询数据
  ~~~

- DCL:数据控制语言。`COMMIT` \ `ROLLBACK` \ `SAVEPOINT` \ `GRANT` \ `REVOKE`

  ~~~sql
  COMMIT       -- 提交操作
  ROLLBACK     -- 回滚操作
  SAVEPOINT    -- 保存回滚点(相当于给当前表数据做一个快照用于后续回滚)
  GRANT        -- 授权相关操作
  REVOKE       -- 撤销权限操作
  ~~~

## 3.2  SQL语言的规则与规范

### 3.2.1 基本规则

- SQL 可以写在一行或者多行。为了提高可读性，各子句分行写，必要时使用缩进
- 每条命令以 ; 或 \g 或 \G 结束
- 关键字不能被缩写也不能分行
- 关于标点符号
  - 必须保证所有的()、单引号、双引号是成对结束的
  - 必须使用英文状态下的半角输入方式
  - 字符串型和日期时间类型的数据可以使用单引号（' '）表示
  - 列的别名，尽量使用双引号（" "），而且不建议省略as

### 3.2.2 SQL大小写规范 （建议遵守）

- **MySQL在Windows环境下是大小写不敏感的**
- **MySQL在Linux环境下是大小写敏感的**
  - 数据库名、表名、表的别名、变量名是严格区分大小写的
  - 关键字、函数名、列名(或字段名)、列的别名(字段的别名) 是忽略大小写的。
- **推荐采用统一的书写规范：**
  - 数据库名、表名、表别名、字段名、字段别名等都小写
  - SQL 关键字、函数名、绑定变量等都大写

### 3.2.3 注 释

```sql
单行注释：#注释文字(MySQL特有的方式)
单行注释：-- 注释文字(--后面必须包含一个空格。)
多行注释：/* 注释文字 */
```

### 3.2.4 命名规则

- 数据库、表名不得超过30个字符，变量名限制为29个
- 必须只能包含 A–Z, a–z, 0–9, _共63个字符
- 数据库名、表名、字段名等对象名中间不要包含空格
- 同一个MySQL软件中，数据库不能同名；同一个库中，表不能重名；同一个表中，字段不能重名
- 必须保证你的字段没有和保留字、数据库系统或常用方法冲突。如果坚持使用，请在SQL语句中使用`（着重号）引起来
- 保持字段名和类型的一致性，在命名字段并为其指定数据类型的时候一定要保证一致性。假如数据类型在一个表里是整数，那在另一个表里可就别变成字符型了

### 3.2.5 数据导入指令

在命令行客户端登录mysql，使用source指令导入

```sql
mysql> source d:\mysqldb.sql
```

# 4 基本的SELECT语句

## 4.0 SELECT...

```sql
SELECT 1; #没有任何子句
SELECT 1 + 1,3 * 2
FROM DUAL; #dual：伪表
```

## 4**.1 SELECT ... FROM**

- 语法：

```sql
SELECT 标识选择哪些列
FROM 标识从哪个表中选择
```

- 选择全部列：

```sql
SELECT * 
FROM departments;
```

- 选择特定的列：

```sql
SELECT department_id, location_id
FROM departments;
```

## 4.2 列的别名

- 重命名一个列
- 便于计算
- 紧跟列名，也可以**在列名和别名之间加入关键字AS，别名使用双引号**，以便在别名中包含空格或特殊的字符并区分大小写。
- AS 可以省略
- 建议别名简短，见名知意

```sql
SELECT last_name AS "Name", commission_pct comm 
FROM employees;

SELECT last_name "Name", salary*12 "Annual Salary"
FROM employees;
```

## 4.3 **去除重复行**

**在SELECT语句中使用关键字DISTINCT去除重复行**

```sql
SELECT DISTINCT department_id,salary 
FROM employees;
```

这里有两点需要注意：

1. `DISTINCT`需要放到所有列名的前面，如果写成`SELECT salary, DISTINCT department_id FROM employees`会报错。

2. `DISTINCT`其实是对后面所有列名的组合进行去重。如果你想要看都有哪些不同的部门（department_id），只需要写`DISTINCT department_id`即可，后面不需要再加其他的列名了。

## 4.4 **空值参与运算**

- 所有运算符或列值遇到null值，运算的结果都为null

```sql
SELECT employee_id,salary,commission_pct, 12 * salary * (1 + commission_pct) "annual_sal" 
FROM employees;
```

在 MySQL 里面， 空值不等于空字符串。一个空字符串的长度是 0，而一个空值的长度是空。而且，在 MySQL 里面，空值是占用空间的。

## 4.5 **着重号**

- 错误的

```sql
mysql> SELECT * FROM ORDER;
```

- 正确的

```sql
mysql> SELECT * FROM `ORDER`;
mysql> SELECT * FROM `order`;
```

- 结论

我们需要保证表中的字段、表名等没有和保留字、数据库系统或常用方法冲突。如果真的相同，请在SQL语句中使用一对``（着重号）引起来。

## 4.6 查询常数 

> 不存在的字段每一行都会有

```sql
SELECT '凉生' as corporation, last_name
FROM employees;
```

![image-20220418005652271](http://cdn.lsbysl.com//202204180056021.png)

## 4.7 **显示表结构**

使用DESCRIBE 或 DESC 命令，表示表结构。

```sql
DESCRIBE employees;
或
DESC employees;
```

## 4.8 **过滤数据**

- 语法
  - 使用WHERE 子句，将不满足条件的行过滤掉
  - **WHERE子句紧随FROM子句**

```sql
SELECT 字段1,字段2
FROM 表名
WHERE 过滤条件
```

- 举例

```sql
SELECT employee_id, last_name, job_id, department_id
FROM employees
WHERE department_id = 90;
```

# 5 运算符

## 5.1  算术运算符

| 运算符   | 名称               | 作用                     | 实例                             |
| -------- | ------------------ | ------------------------ | -------------------------------- |
| +        | 加法运算符         | 计算两个值或表达式的和   | SELECT A + B                     |
| -        | 减法运算符         | 计算两个值或表达式的差   | SELECT A - B                     |
| *        | 乘法运算符         | 计算两个值或表达式的乘积 | SELECT A * B                     |
| / 或 DIV | 除法运算符         | 计算两个值或表达式的商   | SELECT A / B 或者 SELECT A DIV B |
| % 或 MOD | 求模（求余）运算符 | 计算两个值或表达式的余数 | SELECT A % B 或者 SELECT A MOD B |

加法与减法运算符结论:

> - 一个整数类型的值对整数进行加法和减法操作，结果还是一个整数；
> - 一个整数类型的值对浮点数进行加法和减法操作，结果是一个浮点数；
> - 加法和减法的优先级相同，进行先加后减操作与进行先减后加操作的结果是一样的；
> - **在Java中，+的左右两边如果有字符串，那么表示字符串的拼接。但是在MySQL中+只表示数值相加。如果遇到非数值类型，先尝试转成数值，如果转失败，就按0计算。（补充：MySQL中字符串拼接要使用字符串函数CONCAT()实现）**

乘法与除法运算符结论:

> - 一个数乘以整数1和除以整数1后仍得原数；
> - 一个数乘以浮点数1和除以浮点数1后变成浮点数，数值与原数相等；
> - **一个数除以整数后，不管是否能除尽，结果都为一个浮点数**；
> - 一个数除以另一个数，除不尽时，结果为一个浮点数，并保留到小数点后4位；
> - 乘法和除法的优先级相同，进行先乘后除操作与先除后乘操作，得出的结果相同。
> - **在数学运算中，0不能用作除数，在MySQL中，一个数除以0为NULL。** 

```sql
# 取模运算： % mod
SELECT 12 % 3,12 % 5, 12 MOD -5,-12 % 5,-12 % -5
FROM DUAL; # 结果的符号只与被模数有关
+--------+--------+-----------+---------+----------+
| 12 % 3 | 12 % 5 | 12 MOD -5 | -12 % 5 | -12 % -5 |
+--------+--------+-----------+---------+----------+
|      0 |      2 |         2 |      -2 |       -2 |
+--------+--------+-----------+---------+----------+
```

## 5.2  比较运算符

比较运算符用来对表达式左边的操作数和右边的操作数进行比较，比较的结果为真则返回1，比较的结果为假则返回0，其他情况则返回NULL。

| 运算符   | 名称           | 作用                                                         | 示例                              |
| -------- | -------------- | ------------------------------------------------------------ | --------------------------------- |
| =        | 等于运算符     | 判断两个值、字符串或表达式是否相等                           | SELECT C FROM TABLE WHERE A = B   |
| <=>      | 安全等于运算符 | 安全地判断两个值、字符串或表达式是否相等                     | SELECT C FROM TABLE WHERE A <=> B |
| <> 或 != | 不等于运算符   | 判断两个值、字符串或表达式是否不相等                         | SELECT C FROM TABLE WHERE A <> B  |
| <        | 小于运算符     | 判断前面的值、字符串或表达式是否小于后面的值、字符串或表达式 | SELECT C FROM TABLE WHERE A < B   |
| <=       | 小于等于运算符 | 判断前面的值、字符串或表达式是否小于等于后面的值、字符串或表达式 | SELECT C FROM TABLE WHERE A <= B  |
| >        | 大于运算符     | 判断前面的值、字符串或表达式是否大于后面的值、字符串或表达式 | SELECT C FROM TABLE WHERE A > B   |
| >=       | 大于等于运算符 | 判断前面的值、字符串或表达式是否大于等于后面的值、字符串或表达式 | SELECT C FROM TABLE WHERE A >= B  |

**等号运算符**

- 等号运算符（=）判断等号两边的值、字符串或表达式是否相等，如果相等则返回1，不相等则返回0。
- 在使用等号运算符时，遵循如下规则：
  - 如果等号两边的值、字符串或表达式都为字符串，则MySQL会按照字符串进行比较，其比较的是每个字符串中字符的ANSI编码是否相等。
  - 如果等号两边的值都是整数，则MySQL会按照整数来比较两个值的大小。
  - 如果等号两边的值一个是整数，另一个是字符串，则MySQL会将字符串转化为数字进行比较。
  - 如果等号两边的值、字符串或表达式中有一个为NULL，则比较结果为NULL。

**安全等于运算符（为NULL而生）**

安全等于运算符（<=>）与等于运算符（=）的作用是相似的， **唯一的区别**是‘<=>’可以用来对NULL进行判断。在两个操作数均为NULL时，其返回值为1，而不为NULL；当一个操作数为NULL时，其返回值为0，而不为NULL。

**不等于运算符**

不等于运算符（<>和!=）用于判断两边的数字、字符串或者表达式的值是否不相等，如果不相等则返回1，相等则返回0。不等于运算符不能判断NULL值。如果两边的值有任意一个为NULL，或两边都为NULL，则结果为NULL。

| 运算符              | 名称             | 作用                                     | 示例                                        |
| ------------------- | ---------------- | ---------------------------------------- | ------------------------------------------- |
| IS NULL             | 为空运算符       | 判断值、字符串或表达式是否为空           | SELECT B FROM TABLE WHERE A IS NULL         |
| IS NOTNULL          | 不为空运算符     | 判断值、字符串或表达式是否不为空         | SELECT B FROM TABLE WHERE A IS NOT NULL     |
| LEAST               | 最小值运算符     | 在多个值中返回最小值                     | SELECT D FROM TABLE WHERE C LEAST(A, B)     |
| GREATEST            | 最大值运算符     | 在多个值中返回最大值                     | SELECT D FROM TABLE WHERE C GREATEST(A, B)  |
| BETWEEN ... AND ... | 两值之间的运算符 | 判断一个值是否在两个值之间               | SELECT D FROM TABLE WHERE C BETWEEN A AND B |
| ISNULL              | 为空运算符       | 判断一个值、字符串或表达式是否为空       | SELECT B FROM TABLE WHERE A ISNULL          |
| IN                  | 属于运算符       | 判断一个值是否为列表中的任意一个值       | SELECT D FROM TABLE WHERE C IN(A, B)        |
| NOT IN              | 不属于运算符     | 判断一个值是否不是一个列表中的任意一个值 | SELECT D FROM TABLE WHERE C NOT IN(A, B)    |
| LIKE                | 模糊匹配运算符   | 判断一个值是否符合模糊匹配规则           | SELECT C FROM TABLE WHERE A LIKE B          |
| REGEXP              | 正则表达式运算符 | 判断一个值是否符合正则表达式的规则       | SELECT C FROM TABLE WHERE A REGEXPB         |
| RLIKE               | 正则表达式运算符 | 判断一个值是否符合正则表达式的规则       | SELECT C FROM TABLE WHERE A RLIKEB          |

**空运算符**

空运算符（IS NULL或者ISNULL）判断一个值是否为NULL，如果为NULL则返回1，否则返回0。

**非空运算符**

非空运算符（IS NOT NULL）判断一个值是否不为NULL，如果不为NULL则返回1，否则返回0。

**最小值运算符**

语法格式为：LEAST(值1，值2，...，值n)。其中，“值n”表示参数列表中有n个值。在有两个或多个参数的情况下，返回最小值。

当参数是整数或者浮点数时，LEAST将返回其中最小的值；当参数为字符串时，返回字母表中顺序最靠前的字符；当比较值列表中有NULL时，不能判断大小，返回值为NULL。

**最大值运算符**

语法格式为：GREATEST(值1，值2，...，值n)。其中，n表示参数列表中有n个值。当有两个或多个参数时，返回值为最大值。假如任意一个自变量为NULL，则GREATEST()的返回值为NULL。

当参数中是整数或者浮点数时，GREATEST将返回其中最大的值；当参数为字符串时，返回字母表中顺序最靠后的字符；当比较值列表中有NULL时，不能判断大小，返回值为NULL。

**BETWEEN AND运算符** 

BETWEEN运算符使用的格式通常为SELECT D FROM TABLE WHERE C BETWEEN A AND B，此时，当C大于或等于A，并且C小于或等于B时，结果为1，否则结果为0。

**IN运算符** 

IN运算符用于判断给定的值是否是IN列表中的一个值，如果是则返回1，否则返回0。如果给定的值为NULL，或者IN列表中存在NULL，则结果为NULL。

**NOT IN运算符**

NOT IN运算符用于判断给定的值是否不是IN列表中的一个值，如果不是IN列表中的一个值，则返回1，否则返回0。列表中存在NULL，则结果为NULL。

**LIKE运算符** 

LIKE运算符主要用来匹配字符串，通常用于模糊匹配，如果满足条件则返回1，否则返回0。如果给定的值或者匹配条件为NULL，则返回结果为NULL。 

LIKE运算符通常使用如下通配符：

```sql
“%”：匹配0个或多个字符。
“_”：只能匹配一个字符。
```

```sql
#练习：查询last_name中包含字符'a'的员工信息
SELECT last_name
FROM employees
WHERE last_name LIKE '%a%';
#练习：查询last_name中以字符'a'开头的员工信息
SELECT last_name
FROM employees
WHERE last_name LIKE 'a%';
#练习：查询第3个字符是'a'的员工信息
SELECT last_name
FROM employees
WHERE last_name LIKE '__a%';
```

**ESCAPE**

- 回避特殊符号的：**使用转义符**。
- 如果使用\表示转义，要省略ESCAPE。如果不是\，则要加上ESCAPE。

```sql
#练习：查询第2个字符是_且第3个字符是'a'的员工信息
#需要使用转义字符: \ 
SELECT last_name
FROM employees
WHERE last_name LIKE '_\_a%';
#或者  (了解)
SELECT last_name
FROM employees
WHERE last_name LIKE '_$_a%' ESCAPE '$';
```

**REGEXP运算符**

REGEXP运算符用来匹配字符串，语法格式为：`expr REGEXP 匹配条件`。如果expr满足匹配条件，返回1；如果不满足，则返回0。若expr或匹配条件任意一个为NULL，则结果NULL。

```
（1）‘^’匹配以该字符后面的字符开头的字符串。
（2）‘$’匹配以该字符前面的字符结尾的字符串。
（3）‘.’匹配任何一个单字符。
（4）“[...]”匹配在方括号内的任何字符。例如，“[abc]”匹配“a”或“b”或“c”。为了命名字符的范围，使用一 个‘-’。“[a-z]”匹配任何字母，而“[0-9]”匹配任何数字。
（5）‘*’匹配零个或多个在它前面的字符。例如，“x*”匹配任何数量的‘x’字符，“[0-9]*”匹配任何数量的数字， 而“*”匹配任何数量的任何字符。
```

## 5.3  逻辑运算符

| 运算符     | 作用     | 示例           |
| ---------- | -------- | -------------- |
| NOT 或 !   | 逻辑非   | SELECT NOT A   |
| AND 或 &&  | 逻辑与   | SELECT A AND B |
| OR 或 \|\| | 逻辑或   | SELECT A OR B  |
| XOR        | 逻辑异或 | SELECT A XOR B |

**逻辑非运算符**

逻辑非（NOT或!）运算符表示当给定的值为0时返回1；当给定的值为非0值时返回0；当给定的值为NULL时，返回NULL。

**逻辑与运算符**

逻辑与（AND或&&）运算符是当给定的所有值均为非0值，并且都不为NULL时，返回1；当给定的一个值或者多个值为0时则返回0；否则返回NULL。 

**逻辑或运算符**

逻辑或（OR或||）运算符是当给定的值都不为NULL，并且任何一个值为非0值时，则返回1，否则返回0；当一个值为NULL，并且另一个值为非0值时，返回1，否则返回NULL；当两个值都为NULL时，返回NULL。

> 注意：OR可以和AND一起使用，但是在使用时要注意两者的优先级，由于AND的优先级高于OR，因此先对AND两边的操作数进行操作，再与OR中的操作数结合。

**逻辑异或运算符**

逻辑异或（XOR）运算符是当给定的值中任意一个值为NULL时，则返回NULL；如果两个非NULL的值都是0或者都不等于0时，则返回0；如果一个值为0，另一个值不为0时，则返回1。

## 5.4  位运算符

| 运算符 | 作用              | 示例           |
| ------ | ----------------- | -------------- |
| &      | 按位与（位AND）   | SELECT A & B   |
| \|     | 按位或（位OR）    | SELECT A \| B  |
| ^      | 按位异或（为XOR） | SELECT A ^ B   |
| ~      | 按位取反          | SELECT  ~A     |
| >>     | 按位右移          | SELECT  A >> 2 |
| <<     | 按位左移          | SELECT  B << 2 |

**按位与运算符**

按位与（&）运算符将给定值对应的二进制数逐位进行逻辑与运算。当给定值对应的二进制位的数值都为1时，则该位返回1，否则返回0。

**按位或运算符**

按位或（|）运算符将给定的值对应的二进制数逐位进行逻辑或运算。当给定值对应的二进制位的数值有一个或两个为1时，则该位返回1，否则返回0。

**按位取反运算符**

按位取反（~）运算符将给定的值的二进制数逐位进行取反操作，即将1变为0，将0变为1。

**按位右移运算符**

按位右移（>>）运算符将给定的值的二进制数的所有位右移指定的位数。右移指定的位数后，右边低位的数值被移出并丢弃，左边高位空出的位置用0补齐。

**按位左移运算符**

按位左移（<<）运算符将给定的值的二进制数的所有位左移指定的位数。左移指定的位数后，左边高位的数值被移出并丢弃，右边低位空出的位置用0补齐。

# 6 排序与分页

## 6.1 排序数据

### 6.1.1 排序规则

- 使用 ORDER BY 子句排序
  - **ASC（ascend）:升序**
  - **DESC（descend）:降序**
- **ORDER BY子句在SELECT语句的结尾。**

```sql
# 单列排序
SELECT employee_id,last_name,salary
FROM employees
ORDER BY salary; # 如果在ORDER BY 后没有显式指名排序的方式的话，则默认按照升序排列。
# 我们可以使用列的别名，进行排序
SELECT employee_id,salary,salary * 12 annual_sal
FROM employees
ORDER BY annual_sal;
# 多列排序
SELECT employee_id,salary,department_id
FROM employees
ORDER BY department_id DESC,salary ASC;
```

- 可以使用不在SELECT列表中的列排序。
- 在对多列进行排序的时候，首先排序的第一列必须有相同的列值，才会对第二列进行排序。如果第一列数据中所有值都是唯一的，将不再对第二列进行排序。

## 6.2.分页

### 6.2.1 实现规则

- **MySQL中使用LIMIT实现分页**
- 格式：

```sql
LIMIT [位置偏移量,] 行数
```

- “偏移量”参数指示MySQL从哪一行开始显示，是一个可选参数，如果不指定“位置偏移量”，将会从表中的第一条记录开始（第一条记录的位置偏移量是0，第二条记录的位置偏移量是1，以此类推）；第二个参数“行数”指示返回的记录条数。

```sql
-- 前10条记录： 
SELECT * FROM 表名 LIMIT 0,10; 
或者
SELECT * FROM 表名 LIMIT 10;
-- 第11至20条记录： 
SELECT * FROM 表名 LIMIT 10,10;
-- 第21至30条记录： 
SELECT * FROM 表名 LIMIT 20,10;
```

> MySQL 8.0中可以使用“LIMIT 3 OFFSET 4”，意思是获取从第5条记录开始后面的3条记录，和“LIMIT 4,3;”返回的结果相同。

- 分页显式公式：**（当前页数-1）*每页条数，每页条数**
- **注意：LIMIT子句必须放在整个SELECT语句的最后！**

